# Reviewed recurrence rules; generated by tools/build-recurring-events.py.
# id	titleKey	comparisonKey	type	month	day	waxing	offset	duration	fromYear	throughYear	anniversaryBase	monthPolicy
new_year_day	event.new_year_s_day.1b578c	event.new_year_s_day.1b578c	solar	1	1	False	0	1	1800	2200		
victory_over_genocide	event.victory_over_genocide_day.f4ab75	event.victory_over_genocide_day.f4ab75	solar	1	7	False	0	1	2000	2200	1979	
meak_bochea	event.meak_bochea.52e0e8	event.meak_bochea.52e0e8	khmer_lunar	2	15	True	0	1	1800	2200		
international_women_day	event.international_women_s_day.81b3fd	event.international_women_s_day.81b3fd	solar	3	8	False	0	1	2000	2200	1911	
khmer_new_year_1	event.calculated_new_year_first	event.khmer_new_year_moha_sankranta_at_time.fc662c	new_year_first	0	0	False	0	1	1800	2200		
khmer_new_year_2	event.khmer_new_year_veareak_vanabat.cc2d1f	event.khmer_new_year_veareak_vanabat.cc2d1f	new_year_middle	0	0	False	0	1	1800	2200		
khmer_new_year_3	event.khmer_new_year_veareak_laeung_sak.1b6528	event.khmer_new_year_veareak_laeung_sak.1b6528	new_year_last	0	0	False	0	1	1800	2200		
international_labor_day	event.international_labor_day.7090da	event.international_labor_day.7090da	solar	5	1	False	0	1	2000	2200	1886	
visak_bochea	event.visak_bochea.7e3881	event.visak_bochea.7e3881	khmer_lunar	5	15	True	0	1	1800	2200		
royal_ploughing_ceremony	event.royal_ploughing_ceremony.3679be	event.royal_ploughing_ceremony.3679be	khmer_lunar	5	4	False	0	1	1800	2200		
constitution_day	event.constitution_day.eed048	event.constitution_day.eed048	solar	9	24	False	0	1	2000	2200	1993	
pchum_ben_festival	event.pchum_ben_festival.6c3dd1	event.pchum_ben_festival.6c3dd1	khmer_lunar	9	15	False	-1	3	1800	2200		
water_festival	event.water_festival.2457d0	event.water_festival.2457d0	khmer_lunar	11	14	True	0	3	1800	2200		
independence_day	event.independence_day.991b45	event.independence_day.991b45	solar	11	9	False	0	1	2000	2200	1953	
beginning_buddhist_lent	event.beginning_of_buddhist_lent.05b5d9	event.beginning_of_buddhist_lent.05b5d9	khmer_lunar	7	1	False	0	1	1800	2200		ordinary_or_second_asadh
ending_buddhist_lent	event.ending_of_buddhist_lent.cfe1e4	event.ending_of_buddhist_lent.cfe1e4	khmer_lunar	10	15	True	0	1	1800	2200		
paris_peace_agreement	event.paris_peace_agreement_day.df33c1	event.paris_peace_agreement_day.df33c1	solar	10	23	False	0	1	2000	2200		
national_culture_day	event.national_culture_day.a654f6	event.national_culture_day.a654f6	solar	3	3	False	0	1	2000	2200	1998	
national_fish_day	event.national_fish_day.1fa511	event.national_fish_day.1fa511	solar	7	1	False	0	1	2001	2200		
arbor_day	event.arbor_day.b643a6	event.arbor_day.b643a6	solar	7	9	False	0	1	2000	2200		
national_population_day	event.national_population_day_and_world_population_day.766612	event.national_population_day_and_world_population_day.766612	solar	7	11	False	0	1	2000	2200		
international_children_day	event.international_children_s_day.472dd8	event.international_children_s_day.472dd8	solar	6	1	False	0	1	2000	2200	1949	
world_environment_day	event.national_and_world_environment_day.fd3953	event.national_and_world_environment_day.fd3953	solar	6	5	False	0	1	2000	2200	1996	
world_teachers_day	event.world_teacher_s_day.3ad087	event.world_teacher_s_day.3ad087	solar	10	5	False	0	1	2000	2200		
international_human_rights_day	event.international_human_rights_day.488db1	event.international_human_rights_day.488db1	solar	12	10	False	0	1	2000	2200	1948	
anti_human_trafficking_day	event.national_anti_human_trafficking_day.7a9493	event.national_anti_human_trafficking_day.7a9493	solar	12	12	False	0	1	2006	2200		
valentine_day	event.valentine_s_day.ceb81b	event.valentine_s_day.ceb81b	solar	2	14	False	0	1	1800	2200		
christmas_day	event.christmas_day.bbc2eb	event.christmas_day.bbc2eb	solar	12	25	False	0	1	1800	2200		
buddhist_lent_candles_making_day	event.buddhist_lent_candles_making_day.d79e76	event.buddhist_lent_candles_making_day.d79e76	khmer_lunar	7	8	True	0	1	1800	2200		ordinary_or_second_asadh
the_ordained_dragon_monk	event.the_ordained_dragon_monk.44dda5	event.the_ordained_dragon_monk.44dda5	khmer_lunar	7	14	True	0	1	1800	2200		ordinary_or_second_asadh
kathen_kal	event.kathen_kal.b6fb86	event.kathen_kal.b6fb86	khmer_lunar	10	1	False	0	1	1800	2200		
ben_1	event.ben_1.e38b39	event.ben_1.e38b39	khmer_lunar	9	1	False	0	1	1800	2200		
ben_2	event.ben_2.beb1a5	event.ben_2.beb1a5	khmer_lunar	9	2	False	0	1	1800	2200		
ben_3	event.ben_3.a36945	event.ben_3.a36945	khmer_lunar	9	3	False	0	1	1800	2200		
ben_4	event.ben_4.c8c3e3	event.ben_4.c8c3e3	khmer_lunar	9	4	False	0	1	1800	2200		
ben_5	event.ben_5.ee7326	event.ben_5.ee7326	khmer_lunar	9	5	False	0	1	1800	2200		
ben_6	event.ben_6.3d61f3	event.ben_6.3d61f3	khmer_lunar	9	6	False	0	1	1800	2200		
ben_7	event.ben_7.19ca30	event.ben_7.19ca30	khmer_lunar	9	7	False	0	1	1800	2200		
ben_8	event.ben_8.1250aa	event.ben_8.1250aa	khmer_lunar	9	8	False	0	1	1800	2200		
ben_9	event.ben_9.7d0f01	event.ben_9.7d0f01	khmer_lunar	9	9	False	0	1	1800	2200		
ben_10	event.ben_10.48eb08	event.ben_10.48eb08	khmer_lunar	9	10	False	0	1	1800	2200		
ben_11	event.ben_11.e9170d	event.ben_11.e9170d	khmer_lunar	9	11	False	0	1	1800	2200		
ben_12	event.ben_12.499d48	event.ben_12.499d48	khmer_lunar	9	12	False	0	1	1800	2200		
ben_13	event.ben_13.a5850f	event.ben_13.a5850f	khmer_lunar	9	13	False	0	1	1800	2200		
queen_mother_birthday	event.queen_mother_s_birthday.c5a1c1	event.queen_mother_s_birthday.c5a1c1	solar	6	18	False	0	1	2000	2200		
king_father_commemoration	event.king_father_s_commemoration_day.1ade05	event.king_father_s_commemoration_day.1ade05	solar	10	15	False	0	1	2014	2200		
king_coronation_day	event.king_s_coronation_day.cac0a2	event.king_s_coronation_day.cac0a2	solar	10	29	False	0	1	2014	2200		
peace_day_cambodia	event.peace_day_in_cambodia.c7066d	event.peace_day_in_cambodia.c7066d	solar	12	29	False	0	1	2024	2200		
win_win_policy_day	event.win_win_policy_day.277016	event.win_win_policy_day.277016	solar	12	29	False	0	1	2000	2023		
king_sihamoni_birthday	event.king_sihamoni_s_birthday.902625	event.king_sihamoni_s_birthday.902625	solar	5	14	False	0	1	2005	2200		
cambodia_joined_asean	event.cambodia_joined_the_association_of_southeast_asian_nati.5046de	event.cambodia_joined_the_association_of_southeast_asian_nati.5046de	solar	4	30	False	0	1	2000	2200	1999	
birth_of_national_police	event.birth_of_the_national_police.46ffae	event.birth_of_the_national_police.46ffae	solar	5	16	False	0	1	2000	2200	1945	
national_day_of_remembrance	event.national_day_of_remembrance.2f6336	event.national_day_of_remembrance.2f6336	solar	5	20	False	0	1	2000	2200		
icj_preah_vihear_ownership	event.international_court_of_justice_in_the_hague_declared_ca.7da923	event.international_court_of_justice_in_the_hague_declared_ca.7da923	solar	6	15	False	0	1	2000	2200	1962	
cambodia_joined_unesco	event.cambodia_joined_unesco.56a0d9	event.cambodia_joined_unesco.56a0d9	solar	7	3	False	0	1	2000	2200	1951	
preah_vihear_unesco	event.temple_of_preah_vihear_was_inscribed_on_the_unesco_worl.4193aa	event.temple_of_preah_vihear_was_inscribed_on_the_unesco_worl.4193aa	solar	7	7	False	0	1	2009	2200	2008	
sambor_prei_kuk_unesco	event.temple_zone_of_sambor_prei_kuk_was_inscribed_on_the_une.afc11f	event.temple_zone_of_sambor_prei_kuk_was_inscribed_on_the_une.afc11f	solar	7	8	False	0	1	2018	2200	2017	
m13_tuol_sleng_choeung_ek_unesco	event.m_13_tuol_sleng_genocide_museum_and_choeung_ek_were_ins.615dc3	event.m_13_tuol_sleng_genocide_museum_and_choeung_ek_were_ins.615dc3	solar	7	11	False	0	1	2026	2200	2025	
tuol_sleng_archives_unesco	event.the_archives_of_tuol_sleng_genocide_museum_are_register.f9c3c3	event.the_archives_of_tuol_sleng_genocide_museum_are_register.f9c3c3	solar	7	31	False	0	1	2010	2200	2009	
koh_ker_unesco	event.koh_ker_inscribed_on_the_unesco_world_heritage_list.131f4f	event.koh_ker_inscribed_on_the_unesco_world_heritage_list.131f4f	solar	9	17	False	0	1	2024	2200	2023	
royal_ballet_unesco	event.royal_ballet_of_cambodia_inscribed_on_the_representativ.4d9b25	event.royal_ballet_of_cambodia_inscribed_on_the_representativ.4d9b25	solar	11	7	False	0	1	2004	2200	2003	
khmer_shadow_theatre_unesco	event.khmer_shadow_theatre_inscribed_on_the_representative_li.1d6e86	event.khmer_shadow_theatre_inscribed_on_the_representative_li.1d6e86	solar	11	25	False	0	1	2006	2200	2005	
lkhon_khol_wat_svay_andet_unesco	event.lkhon_khol_wat_svay_andet_inscribed_on_the_list_of_inta.9870f6	event.lkhon_khol_wat_svay_andet_inscribed_on_the_list_of_inta.9870f6	solar	11	28	False	0	1	2019	2200	2018	
kun_lbokator_unesco	event.kun_lbokator_inscribed_on_the_representative_list_of_th.b4dda7	event.kun_lbokator_inscribed_on_the_representative_list_of_th.b4dda7	solar	11	29	False	0	1	2023	2200	2022	
chapei_dang_veng_unesco	event.chapei_dang_veng_inscribed_on_the_list_of_intangible_cu.0d94bc	event.chapei_dang_veng_inscribed_on_the_list_of_intangible_cu.0d94bc	solar	11	30	False	0	1	2017	2200	2016	
tug_of_war_unesco	event.tug_of_war_inscribed_on_the_representative_list_of_the_.706e02	event.tug_of_war_inscribed_on_the_representative_list_of_the_.706e02	solar	12	2	False	0	1	2016	2200	2015	
krama_unesco	event.krama_inscribed_on_the_representative_list_of_the_intan.586013	event.krama_inscribed_on_the_representative_list_of_the_intan.586013	solar	12	4	False	0	1	2025	2200	2024	
angkor_wat_unesco	event.angkor_was_inscribed_on_the_unesco_world_heritage_list.d0e172	event.angkor_was_inscribed_on_the_unesco_world_heritage_list.d0e172	solar	12	14	False	0	1	2000	2200	1992	
cambodia_joined_un	event.cambodia_became_a_member_of_the_united_nations.47dbde	event.cambodia_became_a_member_of_the_united_nations.47dbde	solar	12	14	False	0	1	2000	2200	1955	
maternal_newborn_child_health_day	event.national_day_on_maternal_newborn_and_child_health.7d068e	event.national_day_on_maternal_newborn_and_child_health.7d068e	solar	2	21	False	0	1	2012	2200		
national_mine_awareness_day	event.national_mine_awareness_day.f49e4d	event.national_mine_awareness_day.f49e4d	solar	2	24	False	0	1	2000	2200	1999	
water_policy_day	event.water_policy_day.63f82f	event.water_policy_day.63f82f	solar	3	4	False	0	1	2000	2200		
cambodian_older_persons_day	event.cambodian_older_persons_day_and_the_international_day_o.f57b12	event.cambodian_older_persons_day_and_the_international_day_o.f57b12	solar	10	1	False	0	1	2000	2200	1998	
environmental_sanitation_day	event.national_environmental_sanitation_day.905735	event.national_environmental_sanitation_day.905735	solar	11	23	False	0	1	2017	2200		
national_authors_day	event.national_authors_day.d78af9	event.national_authors_day.d78af9	solar	12	7	False	0	1	2024	2200		
world_water_meteorological_day	event.world_water_and_world_meteorological_day.128137	event.world_water_and_world_meteorological_day.128137	solar	3	22	False	0	1	2000	2200		
world_tuberculosis_day	event.world_tuberculosis_day.15c9a6	event.world_tuberculosis_day.15c9a6	solar	3	24	False	0	1	2000	2200		
world_health_day	event.world_health_day.18e2ba	event.world_health_day.18e2ba	solar	4	7	False	0	1	2000	2200		
international_buddhist_day	event.international_buddhist_day.43eb6e	event.international_buddhist_day.43eb6e	solar	4	8	False	0	1	2024	2200		
world_safety_and_health_at_work	event.world_day_for_safety_and_health_at_work.6ea44a	event.world_day_for_safety_and_health_at_work.6ea44a	solar	4	28	False	0	1	2004	2200	2003	
world_press_freedom_day	event.world_press_freedom_day.b66799	event.world_press_freedom_day.b66799	solar	5	3	False	0	1	2000	2200	1993	
world_red_cross_day	event.world_red_cross_and_red_crescent_day.991942	event.world_red_cross_and_red_crescent_day.991942	solar	5	8	False	0	1	2000	2200		
international_day_of_families	event.international_day_of_families.2988a9	event.international_day_of_families.2988a9	solar	5	15	False	0	1	2000	2200		
world_no_tobacco_day	event.world_no_tobacco_day.3a3d79	event.world_no_tobacco_day.3a3d79	solar	5	31	False	0	1	2000	2200		
world_day_against_child_labour	event.happy_world_day_against_child_labour.1372d8	event.happy_world_day_against_child_labour.1372d8	solar	6	12	False	0	1	2002	2200	2001	
anti_drug_day	event.international_day_against_drug_abuse_and_illicit_traffi.1ab0bb	event.international_day_against_drug_abuse_and_illicit_traffi.1ab0bb	solar	6	26	False	0	1	2000	2200		
world_ranger_day	event.world_ranger_day.d91468	event.world_ranger_day.d91468	solar	7	31	False	0	1	2008	2200	2007	
indigenous_peoples_day	event.international_day_of_the_world_s_indigenous_peoples.5f632d	event.international_day_of_the_world_s_indigenous_peoples.5f632d	solar	8	9	False	0	1	2000	2200		
international_youth_day	event.international_youth_day.6ff8cc	event.international_youth_day.6ff8cc	solar	8	12	False	0	1	2000	2200		
international_literacy_day	event.international_literacy_day.491ce5	event.international_literacy_day.491ce5	solar	9	8	False	0	1	2000	2200		
ozone_layer_preservation_day	event.international_day_for_the_preservation_of_the_ozone_lay.632951	event.international_day_for_the_preservation_of_the_ozone_lay.632951	solar	9	16	False	0	1	2000	2200	1985	
international_peace_day	event.international_day_of_peace.352229	event.international_day_of_peace.352229	solar	9	21	False	0	1	2000	2200		
world_tourism_day	event.world_tourism_day.7d2d48	event.world_tourism_day.7d2d48	solar	9	27	False	0	1	2000	2200		
halloween	event.halloween.0bcc92	event.halloween.0bcc92	solar	10	31	False	0	1	2000	2200		
world_aids_day	event.world_aids_day.6e5f9c	event.world_aids_day.6e5f9c	solar	12	1	False	0	1	2000	2200		
disabled_persons_day	event.international_day_of_disabled_persons.3bc78e	event.international_day_of_disabled_persons.3bc78e	solar	12	3	False	0	1	2000	2200		
civil_aviation_day	event.civil_aviation_day.dcb19c	event.civil_aviation_day.dcb19c	solar	12	7	False	0	1	2000	2200		
anti_corruption_day	event.anti_corruption_day.89570f	event.anti_corruption_day.89570f	solar	12	9	False	0	1	2003	2200		
mothers_day	event.mother_s_day.55935f	event.mother_s_day.55935f	solar_nth_weekday	5	7	False	2	1	2000	2200		
fathers_day	event.father_s_day.ab0c88	event.father_s_day.ab0c88	solar_nth_weekday	6	7	False	3	1	2000	2200		
